fde95938613c76c85783e080ed6b7f7c12331c1ecac328aa1e46c2de715b08a4	PEPC_omegaC_target_vs_none_loglog_with_r_fg_red.png
be5f70746865122949ce20d812a5dc0f7ad82097099f4e05ace25cdc7e7ab047	PEPC_omega_target_vs_none_corr_fg.tsv
4915f6c67c42880520b03ff72e5efa711c9f0b5c6ed313a6098574d6e829ded2	PEPC_summary_with_mib.tsv
6c331614a9d61a3439cc3098e16e02838bca71b3078a981308f989e43112b502	mode_summary_agg.tsv
9bccb8430b062940ac5497ad627f5e9180a900dd6c7e48ed9cf2bc2295160667	omegaC_mode_comparison_rep2_loglog.png
7fd57830c8520f12dfb171dae6ad62a519275ce3b304a461d913bed3fd28149f	omegaC_symmetric_vs_empirical_rep2_loglog.png
8754e8d978ed0c6bc10d3a9ae86172a67194faf7a4fd66877e348a4388959c8f	omegaC_target_vs_none_rep2_loglog_with_r_fg_red.png
0dd8f3b6b2ecc99d4d01f558b54a911ea4771033f6ee5f60771659bbbe156779	omega_target_vs_none_rep2_summary.tsv
8afd341052856d45ba8ec479edfc8b367276e7617c39ded57c3c92e4c4f23920	target_runtime_peak.png
57a9ae37e5750adb582379b8671bda530205fb676508fffb696c3ab5c4c47dbe	target_summary_agg.tsv
